 <menu:menu menu:id="vnd.openoffice.org:CustomMenu1" menu:label="~LXA">
  <menu:menupopup>
   <menu:menuitem menu:id="vnd.sun.star.script:LinkXall.LinkXall.LXA_IdeJumpBack?language=Basic&amp;location=application" menu:label="Jump backward"/>
   <menu:menuitem menu:id="vnd.sun.star.script:LinkXall.LinkXall.LXA_IdeJumpFwd?language=Basic&amp;location=application" menu:label="Jump forward"/>
   <menu:menuitem menu:id="vnd.sun.star.script:LinkXall.LinkXall.LXA_IdePinpoint?language=Basic&amp;location=application" menu:label="Set Pinpoint"/>
   <menu:menuitem menu:id="vnd.sun.star.script:LinkXall.LinkXall.LXA_ClearLpts?language=Basic&amp;location=application" menu:label="Clear link points"/>
   <menu:menuitem menu:id="vnd.sun.star.script:LinkXall.LinkXall.LXA_Shortcuts?language=Basic&amp;location=application" menu:label="Shortcuts"/>
   <menu:menu menu:id="Help" menu:label="Help">
    <menu:menupopup>
     <menu:menuitem menu:id="vnd.sun.star.script:LinkXall.LinkXall.LXA_helpTopics?language=Basic&amp;location=application" menu:label="Topics"/>
     <menu:menuitem menu:id="vnd.sun.star.script:LinkXall.LinkXall.LXA_helpUI?language=Basic&amp;location=application" menu:label="User Interface"/>
    </menu:menupopup>
   </menu:menu>
  </menu:menupopup>
 </menu:menu>
