<?xml version="1.0" encoding="UTF-8"?>
<!DOCTYPE image:imagecontainer PUBLIC "-//OpenOffice.org//DTD OfficeDocument 1.0//EN" "image.dtd">
<image:imagescontainer xmlns:image="http://openoffice.org/2001/image" xmlns:xlink="http://www.w3.org/1999/xlink">
 <image:images xlink:type="simple" xlink:href="Bitmaps/sc_userimages.png" image:maskcolor="#0" image:maskmode="maskcolor">
  <image:entry image:bitmap-index="0" image:command="vnd.sun.star.script:LinkXall.LinkXall.LXA_JumpBack?language=Basic&amp;location=application"/>
  <image:entry image:bitmap-index="1" image:command="vnd.sun.star.script:LinkXall.LinkXall.LXA_JumpFwd?language=Basic&amp;location=application"/>
  <image:entry image:bitmap-index="2" image:command="vnd.sun.star.script:LinkXall.LinkXall.LXA_DocPinpoint?language=Basic&amp;location=application"/>
  <image:entry image:bitmap-index="3" image:command="vnd.sun.star.script:LinkXall.LinkXall.LXA_ClearLpts?language=Basic&amp;location=application"/>
  <image:entry image:bitmap-index="4" image:command="vnd.sun.star.script:LinkXall.LinkXall.LXA_ListDlg?language=Basic&amp;location=application"/>
  <image:entry image:bitmap-index="5" image:command="vnd.sun.star.script:LinkXall.LinkXall.LXA_Print?language=Basic&amp;location=application"/>
  <image:entry image:bitmap-index="6" image:command="vnd.sun.star.script:LinkXall.LinkXall.LXA_Configure?language=Basic&amp;location=application"/>
 </image:images>
</image:imagescontainer>
